scenario,scenario_label,city,name_en,climate_zone,province,grid_region,elec_price_eff,carbon_uplift_cny_kwh,d4_lcoe,d4_pbt,d4_npv_positive,D1_score,D2_score,D3_score,D4_score,D5_score,fdsi,rank,suitability
baseline,Baseline (2024),beijing,Beijing,,北京,华北,0.4883,0.0,0.2049,4.74,True,0.5134190741585777,0.7269354809437631,0.7147420668762132,0.3679388156898379,0.38004569687738005,0.5228037604000567,13,High
baseline,Baseline (2024),changchun,Changchun,,吉林,东北,0.52,0.0,0.207,4.49,True,0.38023550668456507,0.5036122621068545,0.6833126223370126,0.38431884906952773,0.39722433781839717,0.4681715008032692,18,Medium
baseline,Baseline (2024),changsha,Changsha,,湖南,华中,0.588,0.0,0.2394,4.59,True,0.4450575863499897,0.708199757783002,0.612976454439869,0.30225570441369903,0.3125370229330626,0.45309670898848986,23,Medium
baseline,Baseline (2024),chengdu,Chengdu,,四川,华中,0.502,0.0,0.2543,5.78,True,0.24427653409770556,0.45402014664665435,0.20843485782510168,0.16773063466767518,0.1743885927054244,0.22841444766756147,39,Low
baseline,Baseline (2024),chongqing,Chongqing,,重庆,华中,0.522,0.0,0.2935,6.45,True,0.0,0.5109637592771521,0.027243589743589595,0.021996615905245327,0.021452145214521507,0.07301705576684571,41,Low
baseline,Baseline (2024),dalian,Dalian,,辽宁,东北,0.5,0.0,0.1995,4.5,True,0.5007729669781159,0.6307941315334189,0.40409438122852753,0.40051053551262267,0.41266818989591264,0.45368168088925465,21,Medium
baseline,Baseline (2024),fuzhou,Fuzhou,,福建,华东,0.618,0.0,0.2353,4.28,True,0.3795409927092239,0.5184669468062543,0.12358779431950165,0.33779638696762193,0.3491368367605992,0.3230653330667908,35,Low
baseline,Baseline (2024),guangzhou,Guangzhou,,广东,南方,0.68,0.0,0.2223,3.65,True,0.5931180435260952,0.7381017874812656,0.6394982050469855,0.42062791024845647,0.4318566472031819,0.547872094442572,4,High
baseline,Baseline (2024),guiyang,Guiyang,,贵州,南方,0.468,0.0,0.2727,6.71,True,0.12967717973822915,0.9358108025747272,0.23833128253859964,0.0472512494320763,0.04914529914529921,0.209172242794308,40,Low
baseline,Baseline (2024),haikou,Haikou,,海南,南方,0.598,0.0,0.1948,3.64,True,0.7022982188768632,0.8076465349181725,0.3366856720515256,0.48394553775356686,0.49760937632224755,0.5407513875518722,7,High
baseline,Baseline (2024),hangzhou,Hangzhou,,浙江,华东,0.538,0.0,0.2566,5.42,True,0.3898129163547006,0.6244047169200573,0.34594216758850893,0.19296258968581423,0.19933147160869935,0.3221047368605808,36,Low
baseline,Baseline (2024),harbin,Harbin,,黑龙江,东北,0.51,0.0,0.2209,4.9,True,0.3154263634578096,0.8048295636924792,0.6627412221924418,0.31805532172347434,0.3288694254040789,0.45312013353952935,22,Medium
baseline,Baseline (2024),hefei,Hefei,,安徽,华东,0.561,0.0,0.2243,4.51,True,0.4405245238548815,0.7031870008947023,0.3289926536877757,0.34332648365494534,0.354975882203605,0.40618381133783643,32,Low
baseline,Baseline (2024),hohhot,Hohhot,,内蒙古,华北,0.496,0.0,0.1885,4.27,True,0.5213115053082225,0.795016010104745,0.5399635933172517,0.44495772187845706,0.45811119573495807,0.5270796844357898,12,High
baseline,Baseline (2024),jinan,Jinan,,山东,华北,0.547,0.0,0.2042,4.19,True,0.508907838211818,0.5858376463507227,0.7186675113504382,0.41606030484528256,0.4283870694761784,0.5279809378753478,11,High
baseline,Baseline (2024),kunming,Kunming,,云南,南方,0.45,0.0,0.198,4.98,True,0.618722563600465,0.6778492934615225,0.7172243406999503,0.3633089404831367,0.3756875687568757,0.5395540076159944,8,High
baseline,Baseline (2024),lanzhou,Lanzhou,,甘肃,西北,0.476,0.0,0.1818,4.3,True,0.6577532093738971,0.6162062593401307,0.546088565905639,0.457640005196838,0.47141829567572147,0.5447655472520243,6,High
baseline,Baseline (2024),lhasa,Lhasa,,西藏,西藏,0.368,0.0,0.1468,4.49,True,0.9958286778398511,0.5241011601332817,0.6362179487179487,0.5210748690604409,0.5344630616907844,0.658270416117452,1,High
baseline,Baseline (2024),nanchang,Nanchang,,江西,华中,0.6,0.0,0.2214,4.14,True,0.48005849455886895,0.6022369316724322,0.35832561747195896,0.38121727471976663,0.3927392739273927,0.42687432766093714,28,Low
baseline,Baseline (2024),nanjing,Nanjing,,江苏,华东,0.558,0.0,0.2246,4.54,True,0.5235391792449904,0.5809381831991551,0.6535212754724951,0.34010690418368517,0.35167555217060176,0.4825394759589946,15,Medium
baseline,Baseline (2024),nanning,Nanning,,广西,南方,0.618,0.0,0.2356,4.29,True,0.4892590492308283,0.7100553913597714,0.31045428149086685,0.33626885487368835,0.34748667174409753,0.4105031143453094,30,Low
baseline,Baseline (2024),ningbo,Ningbo,,浙江,华东,0.538,0.0,0.2303,4.84,True,0.40245711112784766,0.6192802238299595,0.2926042453481478,0.30177753382365036,0.3124523990860625,0.3614971547268307,34,Low
baseline,Baseline (2024),qingdao,Qingdao,,山东,华北,0.547,0.0,0.1931,3.96,True,0.5665486290476213,0.4215890865287856,0.33858265718021807,0.4607346606795404,0.47548024033172553,0.45747223442113105,19,Medium
baseline,Baseline (2024),shanghai,Shanghai,,上海,华东,0.617,0.0,0.219,3.98,True,0.48419240294348287,0.35619848791799835,0.3610144936364449,0.40020572098054186,0.41235085046966236,0.40927967930515763,31,Low
baseline,Baseline (2024),shenyang,Shenyang,,辽宁,东北,0.53,0.0,0.2098,4.46,True,0.4078577789198073,0.6707450380322943,0.4800052589686735,0.38049617501966115,0.39246424642464245,0.44551689499122604,25,Medium
baseline,Baseline (2024),shenzhen,Shenzhen,,广东,南方,0.68,0.0,0.2142,3.52,True,0.6350326733682146,0.4683544792402263,0.6595558912632083,0.45002694514337815,0.46263857154946264,0.5448108380420595,5,High
baseline,Baseline (2024),shijiazhuang,Shijiazhuang,,河北,华北,0.511,0.0,0.1974,4.35,True,0.5156675925966947,0.9309252217997466,0.5465230907304077,0.4179714496794643,0.4301430143014302,0.5304106360117967,9,High
baseline,Baseline (2024),suzhou,Suzhou,,江苏,华东,0.558,0.0,0.236,4.78,True,0.43971310936754693,0.3513861790038332,0.13151381139186,0.29390501625549376,0.3040957941948041,0.2999635256572173,37,Low
baseline,Baseline (2024),taiyuan,Taiyuan,,山西,华北,0.452,0.0,0.205,5.14,True,0.5347679858585233,0.5976461313134679,0.39701203268276436,0.3338706986748833,0.3437420665143438,0.4260401975387399,29,Low
baseline,Baseline (2024),tangshan,Tangshan,,河北,华北,0.511,0.0,0.2048,4.52,True,0.4818095951160514,0.4773986105704885,0.4716274579079456,0.3867785063088536,0.3981975120588982,0.4410878589776286,27,Medium
baseline,Baseline (2024),tianjin,Tianjin,,天津,华北,0.49,0.0,0.2017,4.64,True,0.5282848143045114,0.6158787029715871,0.3960170926634341,0.383668475566021,0.39684353050689686,0.44931830211787605,24,Medium
baseline,Baseline (2024),urumqi,Urumqi,,新疆,西北,0.4,0.0,0.1917,5.45,True,0.41124966588250583,0.5296808597376136,0.2801817085353669,0.3378575036266394,0.3472539561648473,0.36601158844613646,33,Low
baseline,Baseline (2024),wuhan,Wuhan,,湖北,华中,0.558,0.0,0.2192,4.42,True,0.4464346599090019,0.6034231638220661,0.6664179316618342,0.3625263397425105,0.37439705509012444,0.48057285622684875,16,Medium
baseline,Baseline (2024),wuxi,Wuxi,,江苏,华东,0.558,0.0,0.2146,4.33,True,0.5460693310413981,0.682521491950524,0.37287407714236986,0.3805903484879584,0.3933316408563934,0.45411457526254395,20,Medium
baseline,Baseline (2024),xiamen,Xiamen,,福建,华东,0.618,0.0,0.2009,3.63,True,0.6821142659678627,0.5884315514862811,0.7258965627868066,0.4709342238684001,0.4847888635017348,0.5933531147897304,2,High
baseline,Baseline (2024),xian,Xian,,陕西,西北,0.498,0.0,0.2057,4.66,True,0.47721397696546,0.32412877590485323,0.71359940872136,0.3728896494517566,0.38450960480663454,0.47115168860230555,17,Medium
baseline,Baseline (2024),xining,Xining,,青海,西北,0.388,0.0,0.1803,5.28,True,0.6784025048843916,0.690680333967995,0.5768317048804853,0.3781372257341879,0.3898832190911399,0.5291626266474283,10,High
baseline,Baseline (2024),yinchuan,Yinchuan,,宁夏,西北,0.44,0.0,0.1803,4.62,True,0.6094288769074232,0.82442748401766,0.6235700275334422,0.43397478918596455,0.44763899466869767,0.5643062817075011,3,High
baseline,Baseline (2024),zhengzhou,Zhengzhou,,河南,华中,0.56,0.0,0.2076,4.16,True,0.4480538412805303,0.5859745062681978,0.41853877829487574,0.41087461398487535,0.42314039096217315,0.4446263109267501,26,Medium
baseline,Baseline (2024),hongkong,Hongkong,,香港特别行政区,香港,1.2,0.0,0.2028,1.86,True,0.712609040444092,0.060625286620287294,0.2590448169716461,0.6163641968617556,0.6268934585766269,0.49869434181493677,14,High
baseline,Baseline (2024),taipei,Taipei,,台湾,台湾,0.62,0.0,0.237,4.3,True,0.32754957860584766,0.0,0.2985875912705181,0.3322424586270969,0.3432131674705932,0.28986195329933084,38,Low
cost_reduction,PV Cost −50% (2030),beijing,Beijing,,北京,华北,0.4883,0.0,0.1024,2.31,True,0.5134190741585777,0.7269354809437631,0.7147420668762132,0.8063712771690457,0.8007743082000507,0.7092410963615103,9,High
cost_reduction,PV Cost −50% (2030),changchun,Changchun,,吉林,东北,0.52,0.0,0.1035,2.19,True,0.38023550668456507,0.5036122621068545,0.6833126223370126,0.8140246972803471,0.8101887111788102,0.6510968238576599,18,High
cost_reduction,PV Cost −50% (2030),changsha,Changsha,,湖南,华中,0.588,0.0,0.1197,2.24,True,0.4450575863499897,0.708199757783002,0.612976454439869,0.7729931249524328,0.7646399255310146,0.653393141303976,17,High
cost_reduction,PV Cost −50% (2030),chengdu,Chengdu,,四川,华中,0.502,0.0,0.1272,2.81,True,0.24427653409770556,0.45402014664665435,0.20843485782510168,0.7077320645668674,0.6980409579419481,0.45982127945533746,40,Medium
cost_reduction,PV Cost −50% (2030),chongqing,Chongqing,,重庆,华中,0.522,0.0,0.1467,3.13,True,0.0,0.5109637592771521,0.027243589743589595,0.6363612601870708,0.6229796056528729,0.33816959388702544,41,Low
cost_reduction,PV Cost −50% (2030),dalian,Dalian,,辽宁,东北,0.5,0.0,0.0997,2.2,True,0.5007729669781159,0.6307941315334189,0.40409438122852753,0.8218111133917747,0.817085554709317,0.6328759267720412,21,High
cost_reduction,PV Cost −50% (2030),fuzhou,Fuzhou,,福建,华东,0.618,0.0,0.1177,2.1,True,0.3795409927092239,0.5184669468062543,0.12358779431950165,0.7893808459621876,0.7842515020732841,0.5156708071497152,36,High
cost_reduction,PV Cost −50% (2030),guangzhou,Guangzhou,,广东,南方,0.68,0.0,0.1111,1.79,True,0.5931180435260952,0.7381017874812656,0.6394982050469855,0.8306007652266967,0.823961242278074,0.721779141336541,5,High
cost_reduction,PV Cost −50% (2030),guiyang,Guiyang,,贵州,南方,0.468,0.0,0.1364,3.24,True,0.12967717973822915,0.9358108025747272,0.23833128253859964,0.6504534548593894,0.6365828890581366,0.468476824995923,39,Medium
cost_reduction,PV Cost −50% (2030),haikou,Haikou,,海南,南方,0.598,0.0,0.0974,1.79,True,0.7022982188768632,0.8076465349181725,0.3366856720515256,0.8617229824007085,0.8597994414826098,0.7012875335724891,12,High
cost_reduction,PV Cost −50% (2030),hangzhou,Hangzhou,,浙江,华东,0.538,0.0,0.1283,2.64,True,0.3898129163547006,0.6244047169200573,0.34594216758850893,0.7196156031214853,0.7107556909537107,0.548024831077224,35,High
cost_reduction,PV Cost −50% (2030),harbin,Harbin,,黑龙江,东北,0.51,0.0,0.1105,2.39,True,0.3154263634578096,0.8048295636924792,0.6627412221924418,0.7812023607174405,0.7749428789032748,0.650597806563189,19,High
cost_reduction,PV Cost −50% (2030),hefei,Hefei,,安徽,华东,0.561,0.0,0.1122,2.2,True,0.4405245238548815,0.7031870008947023,0.3289926536877757,0.7934149298388442,0.7871710247947872,0.597669369173632,31,High
cost_reduction,PV Cost −50% (2030),hohhot,Hohhot,,内蒙古,华北,0.496,0.0,0.0942,2.09,True,0.5213115053082225,0.795016010104745,0.5399635933172517,0.8436116947303602,0.8398070576288397,0.696321241961749,13,High
cost_reduction,PV Cost −50% (2030),jinan,Jinan,,山东,华北,0.547,0.0,0.1021,2.05,True,0.508907838211818,0.5858376463507227,0.7186675113504382,0.8290494014795613,0.826013370567826,0.7040270864929179,11,High
cost_reduction,PV Cost −50% (2030),kunming,Kunming,,云南,南方,0.45,0.0,0.099,2.43,True,0.618722563600465,0.6778492934615225,0.7172243406999503,0.8039427548314833,0.7994203266480495,0.7272181274212712,4,High
cost_reduction,PV Cost −50% (2030),lanzhou,Lanzhou,,甘肃,西北,0.476,0.0,0.0909,2.1,True,0.6577532093738971,0.6162062593401307,0.546088565905639,0.8502622634996706,0.8467039011593467,0.7112393964729244,8,High
cost_reduction,PV Cost −50% (2030),lhasa,Lhasa,,西藏,西藏,0.368,0.0,0.0734,2.2,True,0.9958286778398511,0.5241011601332817,0.6362179487179487,0.8815566835871405,0.8811881188118811,0.8118209406917305,1,High
cost_reduction,PV Cost −50% (2030),nanchang,Nanchang,,江西,华中,0.6,0.0,0.1107,2.03,True,0.48005849455886895,0.6022369316724322,0.35832561747195896,0.8112048745724716,0.8062960142168063,0.61002443121873,29,High
cost_reduction,PV Cost −50% (2030),nanjing,Nanjing,,江苏,华东,0.558,0.0,0.1123,2.22,True,0.5235391792449904,0.5809381831991551,0.6535212754724951,0.7914957129930942,0.7855208597782855,0.6747091483492771,14,High
cost_reduction,PV Cost −50% (2030),nanning,Nanning,,广西,南方,0.618,0.0,0.1178,2.1,True,0.4892590492308283,0.7100553913597714,0.31045428149086685,0.7891536764937641,0.7826013370567826,0.6032547491873412,30,High
cost_reduction,PV Cost −50% (2030),ningbo,Ningbo,,浙江,华东,0.538,0.0,0.1152,2.36,True,0.40245711112784766,0.6192802238299595,0.2926042453481478,0.7730634667675284,0.7675594482525177,0.562834591617987,33,High
cost_reduction,PV Cost −50% (2030),qingdao,Qingdao,,山东,华北,0.547,0.0,0.0966,1.94,True,0.5665486290476213,0.4215890865287856,0.33858265718021807,0.8508499828181467,0.8487348734873488,0.6230022070382436,26,High
cost_reduction,PV Cost −50% (2030),shanghai,Shanghai,,上海,华东,0.617,0.0,0.1095,1.95,True,0.48419240294348287,0.35619848791799835,0.3610144936364449,0.8206990977028592,0.8150334264195651,0.5878176546084144,32,High
cost_reduction,PV Cost −50% (2030),shenyang,Shenyang,,辽宁,东北,0.53,0.0,0.1049,2.18,True,0.4078577789198073,0.6707450380322943,0.4800052589686735,0.8116903484110822,0.8059152069053059,0.628768133197118,24,High
cost_reduction,PV Cost −50% (2030),shenzhen,Shenzhen,,广东,南方,0.68,0.0,0.1071,1.73,True,0.6350326733682146,0.4683544792402263,0.6595558912632083,0.8447636860956143,0.8412456630278411,0.7126051595470422,7,High
cost_reduction,PV Cost −50% (2030),shijiazhuang,Shijiazhuang,,河北,华北,0.511,0.0,0.0987,2.13,True,0.5156675925966947,0.9309252217997466,0.5465230907304077,0.8300049738966522,0.8258229669120758,0.7057148686848791,10,High
cost_reduction,PV Cost −50% (2030),suzhou,Suzhou,,江苏,华东,0.558,0.0,0.118,2.33,True,0.43971310936754693,0.3513861790038332,0.13151381139186,0.7692407927176619,0.7606626047220106,0.5022320471634343,37,High
cost_reduction,PV Cost −50% (2030),taiyuan,Taiyuan,,山西,华北,0.452,0.0,0.1025,2.51,True,0.5347679858585233,0.5976461313134679,0.39701203268276436,0.7892236339273566,0.7842726580350342,0.6208348402968631,28,High
cost_reduction,PV Cost −50% (2030),tangshan,Tangshan,,河北,华北,0.511,0.0,0.1024,2.21,True,0.4818095951160514,0.4773986105704885,0.4716274579079456,0.8148315140556784,0.8106752982990606,0.6236687753626646,25,High
cost_reduction,PV Cost −50% (2030),tianjin,Tianjin,,天津,华北,0.49,0.0,0.1008,2.27,True,0.5282848143045114,0.6158787029715871,0.3960170926634341,0.8133900834184739,0.8099983075230599,0.632307468147761,22,High
cost_reduction,PV Cost −50% (2030),urumqi,Urumqi,,新疆,西北,0.4,0.0,0.0958,2.65,True,0.41124966588250583,0.5296808597376136,0.2801817085353669,0.7925996566704414,0.7898155200135397,0.5613996762629335,34,High
cost_reduction,PV Cost −50% (2030),wuhan,Wuhan,,湖北,华中,0.558,0.0,0.1096,2.16,True,0.4464346599090019,0.6034231638220661,0.6664179316618342,0.8027054307725068,0.7968816112380468,0.6677789513628429,15,High
cost_reduction,PV Cost −50% (2030),wuxi,Wuxi,,江苏,华东,0.558,0.0,0.1073,2.12,True,0.5460693310413981,0.682521491950524,0.37287407714236986,0.8113144233008993,0.8065921976813064,0.6372509027964401,20,High
cost_reduction,PV Cost −50% (2030),xiamen,Xiamen,,福建,华东,0.618,0.0,0.1004,1.78,True,0.6821142659678627,0.5884315514862811,0.7258965627868066,0.8557539220366686,0.8512524329356013,0.7560739724992844,2,High
cost_reduction,PV Cost −50% (2030),xian,Xian,,陕西,西北,0.498,0.0,0.1028,2.28,True,0.47721397696546,0.32412877590485323,0.71359940872136,0.8080006703613416,0.804074638233054,0.6568363682495557,16,High
cost_reduction,PV Cost −50% (2030),xining,Xining,,青海,西北,0.388,0.0,0.0902,2.57,True,0.6784025048843916,0.690680333967995,0.5768317048804853,0.8120893364114605,0.8092366929000592,0.7146480763492614,6,High
cost_reduction,PV Cost −50% (2030),yinchuan,Yinchuan,,宁夏,西北,0.44,0.0,0.0901,2.26,True,0.6094288769074232,0.82442748401766,0.6235700275334422,0.8385432402284456,0.8356393331640857,0.7362678859541726,3,High
cost_reduction,PV Cost −50% (2030),zhengzhou,Zhengzhou,,河南,华中,0.56,0.0,0.1038,2.04,True,0.4480538412805303,0.5859745062681978,0.41853877829487574,0.826033544205026,0.8233900313108233,0.621771557437155,27,High
cost_reduction,PV Cost −50% (2030),hongkong,Hongkong,,香港特别行政区,香港,1.2,0.0,0.1014,0.92,True,0.712609040444092,0.060625286620287294,0.2590448169716461,0.9262402645774763,0.9217229415249217,0.6296388232673279,23,High
cost_reduction,PV Cost −50% (2030),taipei,Taipei,,台湾,台湾,0.62,0.0,0.1185,2.1,True,0.32754957860584766,0.0,0.2985875912705181,0.7875634902148001,0.7804645849200305,0.4835839993383052,38,Medium
carbon_pricing,Carbon Price 100 CNY/tCO₂,beijing,Beijing,,北京,华北,0.5767,0.0884,0.2049,3.98,True,0.5134190741585777,0.7269354809437631,0.7147420668762132,0.4322366160282474,0.4444021325209444,0.5510110311778958,11,High
carbon_pricing,Carbon Price 100 CNY/tCO₂,changchun,Changchun,,吉林,东北,0.6044,0.0844,0.207,3.84,True,0.38023550668456507,0.5036122621068545,0.6833126223370126,0.43931038883264106,0.45332994837945334,0.4926429789155474,18,Medium
carbon_pricing,Carbon Price 100 CNY/tCO₂,changsha,Changsha,,湖南,华中,0.6406,0.0526,0.2394,4.2,True,0.4450575863499897,0.708199757783002,0.612976454439869,0.33525062827156704,0.34719048827959725,0.4681023681330846,25,Medium
carbon_pricing,Carbon Price 100 CNY/tCO₂,chengdu,Chengdu,,四川,华中,0.5546,0.0526,0.2543,5.2,True,0.24427653409770556,0.45402014664665435,0.20843485782510168,0.21680000861014556,0.22554370821697556,0.2506064129554608,39,Low
carbon_pricing,Carbon Price 100 CNY/tCO₂,chongqing,Chongqing,,重庆,华中,0.5746,0.0526,0.2935,5.83,True,0.0,0.5109637592771521,0.027243589743589595,0.07445008460236885,0.07755775577557758,0.09720325469130668,41,Low
carbon_pricing,Carbon Price 100 CNY/tCO₂,dalian,Dalian,,辽宁,东北,0.5844,0.0844,0.1995,3.82,True,0.5007729669781159,0.6307941315334189,0.40409438122852753,0.45804014634172585,0.47207413048997204,0.4795143457801093,20,Medium
carbon_pricing,Carbon Price 100 CNY/tCO₂,fuzhou,Fuzhou,,福建,华东,0.6884,0.0703,0.2353,3.83,True,0.3795409927092239,0.5184669468062543,0.12358779431950165,0.3758674529574697,0.38709063214013717,0.3397174581777791,36,Low
carbon_pricing,Carbon Price 100 CNY/tCO₂,guangzhou,Guangzhou,,广东,南方,0.7227,0.0427,0.2223,3.43,True,0.5931180435260952,0.7381017874812656,0.6394982050469855,0.43924043139904867,0.4516586274012017,0.556419587364453,7,High
carbon_pricing,Carbon Price 100 CNY/tCO₂,guiyang,Guiyang,,贵州,南方,0.5107,0.0427,0.2727,6.11,True,0.12967717973822915,0.9358108025747272,0.23833128253859964,0.09801267075187323,0.10195057967335205,0.23209234800279838,40,Low
carbon_pricing,Carbon Price 100 CNY/tCO₂,haikou,Haikou,,海南,南方,0.6407,0.0427,0.1948,3.39,True,0.7022982188768632,0.8076465349181725,0.3366856720515256,0.5050961299701489,0.5190615215367691,0.5501221134569502,13,High
carbon_pricing,Carbon Price 100 CNY/tCO₂,hangzhou,Hangzhou,,浙江,华东,0.6084,0.0703,0.2566,4.76,True,0.3898129163547006,0.6244047169200573,0.34594216758850893,0.2488001531375909,0.25708724718625714,0.34720926183084433,35,Low
carbon_pricing,Carbon Price 100 CNY/tCO₂,harbin,Harbin,,黑龙江,东北,0.5944,0.0844,0.2209,4.18,True,0.3154263634578096,0.8048295636924792,0.6627412221924418,0.3789690273072307,0.39157569603114156,0.480409078271566,19,Medium
carbon_pricing,Carbon Price 100 CNY/tCO₂,hefei,Hefei,,安徽,华东,0.6314,0.0703,0.2243,3.98,True,0.4405245238548815,0.7031870008947023,0.3289926536877757,0.3881657391540993,0.3995303376491496,0.42574849613118887,30,Low
carbon_pricing,Carbon Price 100 CNY/tCO₂,hohhot,Hohhot,,内蒙古,华北,0.5844,0.0884,0.1885,3.6,True,0.5213115053082225,0.795016010104745,0.5399635933172517,0.5016413090188969,0.5158669713125159,0.552279302468659,10,High
carbon_pricing,Carbon Price 100 CNY/tCO₂,jinan,Jinan,,山东,华北,0.6354,0.0884,0.2042,3.59,True,0.508907838211818,0.5858376463507227,0.7186675113504382,0.46682172616507955,0.4795421849877295,0.5503630892884588,12,High
carbon_pricing,Carbon Price 100 CNY/tCO₂,kunming,Kunming,,云南,南方,0.4927,0.0427,0.198,4.53,True,0.618722563600465,0.6778492934615225,0.7172243406999503,0.40138000647298444,0.41529152915291534,0.5567440865223623,6,High
carbon_pricing,Carbon Price 100 CNY/tCO₂,lanzhou,Lanzhou,,甘肃,西北,0.5427,0.0667,0.1818,3.75,True,0.6577532093738971,0.6162062593401307,0.546088565905639,0.5041713080733186,0.5176229161377677,0.5650583719659679,4,High
carbon_pricing,Carbon Price 100 CNY/tCO₂,lhasa,Lhasa,,西藏,西藏,0.38,0.012,0.1468,4.35,True,0.9958286778398511,0.5241011601332817,0.6362179487179487,0.5329192007017269,0.5476643818227976,0.6639053493569689,1,High
carbon_pricing,Carbon Price 100 CNY/tCO₂,nanchang,Nanchang,,江西,华中,0.6526,0.0526,0.2214,3.8,True,0.48005849455886895,0.6022369316724322,0.35832561747195896,0.40998208013431825,0.42244224422442245,0.4397906601063645,29,Medium
carbon_pricing,Carbon Price 100 CNY/tCO₂,nanjing,Nanjing,,江苏,华东,0.6284,0.0703,0.2246,4.01,True,0.5235391792449904,0.5809381831991551,0.6535212754724951,0.3849461596828392,0.39788017263264797,0.5026421145477266,14,High
carbon_pricing,Carbon Price 100 CNY/tCO₂,nanning,Nanning,,广西,南方,0.6607,0.0427,0.2356,4.0,True,0.4892590492308283,0.7100553913597714,0.31045428149086685,0.3608035418449236,0.3722391469916223,0.4213301200915693,32,Low
carbon_pricing,Carbon Price 100 CNY/tCO₂,ningbo,Ningbo,,浙江,华东,0.6084,0.0703,0.2303,4.26,True,0.40245711112784766,0.6192802238299595,0.2926042453481478,0.3508469077661207,0.36360751459761365,0.38368912001473005,34,Low
carbon_pricing,Carbon Price 100 CNY/tCO₂,qingdao,Qingdao,,山东,华北,0.6354,0.0884,0.1931,3.39,True,0.5665486290476213,0.4215890865287856,0.33858265718021807,0.5089580109333475,0.5233350258102734,0.47849319905566556,21,Medium
carbon_pricing,Carbon Price 100 CNY/tCO₂,shanghai,Shanghai,,上海,华东,0.6874,0.0703,0.219,3.56,True,0.48419240294348287,0.35619848791799835,0.3610144936364449,0.43573871590439966,0.44865448083269865,0.4251085714329491,31,Low
carbon_pricing,Carbon Price 100 CNY/tCO₂,shenyang,Shenyang,,辽宁,东北,0.6144,0.0844,0.2098,3.82,True,0.4078577789198073,0.6707450380322943,0.4800052589686735,0.4346416910941112,0.4469196919691969,0.4693553262455189,24,Medium
carbon_pricing,Carbon Price 100 CNY/tCO₂,shenzhen,Shenzhen,,广东,南方,0.7227,0.0427,0.2142,3.3,True,0.6350326733682146,0.4683544792402263,0.6595558912632083,0.46863946629397035,0.48079038673098085,0.552820377168561,9,High
carbon_pricing,Carbon Price 100 CNY/tCO₂,shijiazhuang,Shijiazhuang,,河北,华北,0.5994,0.0884,0.1974,3.68,True,0.5156675925966947,0.9309252217997466,0.5465230907304077,0.4746550368199042,0.48789878987898794,0.555610254044666,8,High
carbon_pricing,Carbon Price 100 CNY/tCO₂,suzhou,Suzhou,,江苏,华东,0.6284,0.0703,0.236,4.22,True,0.43971310936754693,0.3513861790038332,0.13151381139186,0.34128234282063763,0.35195057967335197,0.32088939722914606,37,Low
carbon_pricing,Carbon Price 100 CNY/tCO₂,taiyuan,Taiyuan,,山西,华北,0.5404,0.0884,0.205,4.26,True,0.5347679858585233,0.5976461313134679,0.39701203268276436,0.4083207832772521,0.42129982228992124,0.45969221543088445,27,Medium
carbon_pricing,Carbon Price 100 CNY/tCO₂,tangshan,Tangshan,,河北,华北,0.5994,0.0884,0.2048,3.82,True,0.4818095951160514,0.4773986105704885,0.4716274579079456,0.44600016451528335,0.4576034526529576,0.46711070999369464,26,Medium
carbon_pricing,Carbon Price 100 CNY/tCO₂,tianjin,Tianjin,,天津,华北,0.5784,0.0884,0.2017,3.91,True,0.5282848143045114,0.6158787029715871,0.3960170926634341,0.4454282048384406,0.45954980113395955,0.4767023399125185,22,Medium
carbon_pricing,Carbon Price 100 CNY/tCO₂,urumqi,Urumqi,,新疆,西北,0.4667,0.0667,0.1917,4.63,True,0.41124966588250583,0.5296808597376136,0.2801817085353669,0.40723144609702866,0.41821105187441826,0.39694123278112836,33,Low
carbon_pricing,Carbon Price 100 CNY/tCO₂,wuhan,Wuhan,,湖北,华中,0.6106,0.0526,0.2192,4.03,True,0.4464346599090019,0.6034231638220661,0.6664179316618342,0.3955212636003785,0.40905052043665907,0.4955785153714434,16,High
carbon_pricing,Carbon Price 100 CNY/tCO₂,wuxi,Wuxi,,江苏,华东,0.6284,0.0703,0.2146,3.82,True,0.5460693310413981,0.682521491950524,0.37287407714236986,0.42373755660978585,0.43623593128543625,0.4729511201353054,23,Medium
carbon_pricing,Carbon Price 100 CNY/tCO₂,xiamen,Xiamen,,福建,华东,0.6884,0.0703,0.2009,3.25,True,0.6821142659678627,0.5884315514862811,0.7258965627868066,0.5030831240376048,0.5177921638317677,0.6077257270763399,2,High
carbon_pricing,Carbon Price 100 CNY/tCO₂,xian,Xian,,陕西,西北,0.5647,0.0667,0.2057,4.09,True,0.47721397696546,0.32412877590485323,0.71359940872136,0.4211129997055638,0.4340145553016841,0.49271060703221964,17,Medium
carbon_pricing,Carbon Price 100 CNY/tCO₂,xining,Xining,,青海,西北,0.4547,0.0667,0.1803,4.47,True,0.6784025048843916,0.690680333967995,0.5768317048804853,0.44666514451591377,0.46084031480071086,0.5599971779198145,5,High
carbon_pricing,Carbon Price 100 CNY/tCO₂,yinchuan,Yinchuan,,宁夏,西北,0.5067,0.0667,0.1803,3.99,True,0.6094288769074232,0.82442748401766,0.6235700275334422,0.48727428157175134,0.5020944402132521,0.5880496198991884,3,High
carbon_pricing,Carbon Price 100 CNY/tCO₂,zhengzhou,Zhengzhou,,河南,华中,0.6126,0.0526,0.2076,3.79,True,0.4480538412805303,0.5859745062681978,0.41853877829487574,0.44217749046541677,0.45449352627570455,0.4583658763553742,28,Medium
carbon_pricing,Carbon Price 100 CNY/tCO₂,hongkong,Hongkong,,香港特别行政区,香港,1.27,0.07,0.2028,1.75,True,0.712609040444092,0.060625286620287294,0.2590448169716461,0.6256704574370517,0.6351442836591352,0.5024301344804978,15,High
carbon_pricing,Carbon Price 100 CNY/tCO₂,taipei,Taipei,,台湾,台湾,0.67,0.05,0.237,3.97,True,0.32754957860584766,0.0,0.2985875912705181,0.36016124035298525,0.3712659727511213,0.3021452388867728,38,Low
aggressive,Aggressive Policy Package,beijing,Beijing,,北京,华北,0.6767,0.0884,0.1024,1.66,True,0.5134190741585777,0.7269354809437631,0.7147420668762132,0.861362816932159,0.8568799187611068,0.7337125744737885,6,High
aggressive,Aggressive Policy Package,changchun,Changchun,,吉林,东北,0.7044,0.0844,0.1035,1.61,True,0.38023550668456507,0.5036122621068545,0.6833126223370126,0.8630940712228176,0.8596936616738596,0.6727508353501798,18,High
aggressive,Aggressive Policy Package,changsha,Changsha,,湖南,华中,0.7406,0.0526,0.1197,1.77,True,0.4450575863499897,0.708199757783002,0.612976454439869,0.812756238319607,0.8042438859270542,0.6707734063355553,19,High
aggressive,Aggressive Policy Package,chengdu,Chengdu,,四川,华中,0.6546,0.0526,0.1272,2.14,True,0.24427653409770556,0.45402014664665435,0.20843485782510168,0.7644156517073073,0.7557967335195057,0.48502089748820665,40,Medium
aggressive,Aggressive Policy Package,chongqing,Chongqing,,重庆,华中,0.6746,0.0526,0.1467,2.4,True,0.0,0.5109637592771521,0.027243589743589595,0.6981209894594905,0.6873360412964373,0.36609158547704745,41,Low
aggressive,Aggressive Policy Package,dalian,Dalian,,辽宁,东北,0.6844,0.0844,0.0997,1.6,True,0.5007729669781159,0.6307941315334189,0.40409438122852753,0.8725725347115716,0.8682406702208681,0.655258078185152,22,High
aggressive,Aggressive Policy Package,fuzhou,Fuzhou,,福建,华东,0.7883,0.0703,0.1177,1.64,True,0.3795409927092239,0.5184669468062543,0.12358779431950165,0.8282979356406986,0.8222052974528221,0.5324180253233093,36,High
aggressive,Aggressive Policy Package,guangzhou,Guangzhou,,广东,南方,0.8227,0.0427,0.1111,1.48,True,0.5931180435260952,0.7381017874812656,0.6394982050469855,0.8568274995752585,0.8503638825421003,0.7333342870033919,7,High
aggressive,Aggressive Policy Package,guiyang,Guiyang,,贵州,南方,0.6107,0.0427,0.1364,2.47,True,0.12967717973822915,0.9358108025747272,0.23833128253859964,0.7155972788864622,0.7042396547347042,0.497855096427127,39,High
aggressive,Aggressive Policy Package,haikou,Haikou,,海南,南方,0.7407,0.0427,0.0974,1.44,True,0.7022982188768632,0.8076465349181725,0.3366856720515256,0.8913338115039234,0.8895024117796395,0.7142989590805222,13,High
aggressive,Aggressive Policy Package,hangzhou,Hangzhou,,浙江,华东,0.7084,0.0703,0.1283,1.99,True,0.3898129163547006,0.6244047169200573,0.34594216758850893,0.7746071428845986,0.7668613015147667,0.5724963091895021,35,High
aggressive,Aggressive Policy Package,harbin,Harbin,,黑龙江,东北,0.6944,0.0844,0.1105,1.75,True,0.3154263634578096,0.8048295636924792,0.6627412221924418,0.8353478767918905,0.8310484894643311,0.6749741916128615,17,High
aggressive,Aggressive Policy Package,hefei,Hefei,,安徽,华东,0.7314,0.0703,0.1122,1.68,True,0.4405245238548815,0.7031870008947023,0.3289926536877757,0.837408161649335,0.8317254802403318,0.6171389609043787,31,High
aggressive,Aggressive Policy Package,hohhot,Hohhot,,内蒙古,华北,0.6844,0.0884,0.0942,1.51,True,0.5213115053082225,0.795016010104745,0.5399635933172517,0.8926810686728306,0.8893120081238892,0.7179752534542689,12,High
aggressive,Aggressive Policy Package,jinan,Jinan,,山东,华北,0.7354,0.0884,0.1021,1.52,True,0.508907838211818,0.5858376463507227,0.7186675113504382,0.8738886569787152,0.8705678260133705,0.7235917712862703,11,High
aggressive,Aggressive Policy Package,kunming,Kunming,,云南,南方,0.5927,0.0427,0.099,1.83,True,0.618722563600465,0.6778492934615225,0.7172243406999503,0.8547041761512802,0.8505754421596006,0.7496002788343821,4,High
aggressive,Aggressive Policy Package,lanzhou,Lanzhou,,甘肃,西北,0.6427,0.0667,0.0909,1.55,True,0.6577532093738971,0.6162062593401307,0.546088565905639,0.8967935663761513,0.8945586866378945,0.7320701749822476,8,High
aggressive,Aggressive Policy Package,lhasa,Lhasa,,西藏,西藏,0.48,0.012,0.0734,1.68,True,0.9958286778398511,0.5241011601332817,0.6362179487179487,0.9255499153976312,0.9257425742574257,0.8312905324224773,1,High
aggressive,Aggressive Policy Package,nanchang,Nanchang,,江西,华中,0.7526,0.0526,0.1107,1.61,True,0.48005849455886895,0.6022369316724322,0.35832561747195896,0.8467378694963295,0.8425996445798425,0.6258533233465214,29,High
aggressive,Aggressive Policy Package,nanjing,Nanjing,,江苏,华东,0.7284,0.0703,0.1123,1.69,True,0.5235391792449904,0.5809381831991551,0.6535212754724951,0.8363349684922481,0.8317254802403318,0.694811786938009,14,High
aggressive,Aggressive Policy Package,nanning,Nanning,,广西,南方,0.7607,0.0427,0.1178,1.7,True,0.4892590492308283,0.7100553913597714,0.31045428149086685,0.8229946240402954,0.8172548024033173,0.6183555013945417,30,High
aggressive,Aggressive Policy Package,ningbo,Ningbo,,浙江,华东,0.7084,0.0703,0.1152,1.78,True,0.40245711112784766,0.6192802238299595,0.2926042453481478,0.8221328407099988,0.817064398747567,0.5844886031105068,34,High
aggressive,Aggressive Policy Package,qingdao,Qingdao,,山东,华北,0.7354,0.0884,0.0966,1.44,True,0.5665486290476213,0.4215890865287856,0.33858265718021807,0.8931511672513108,0.8916391639163916,0.6417436588483992,26,High
aggressive,Aggressive Policy Package,shanghai,Shanghai,,上海,华东,0.7873,0.0703,0.1095,1.52,True,0.48419240294348287,0.35619848791799835,0.3610144936364449,0.8570781163153804,0.8513370567826013,0.6037416397988116,32,High
aggressive,Aggressive Policy Package,shenyang,Shenyang,,辽宁,东北,0.7144,0.0844,0.1049,1.61,True,0.4078577789198073,0.6707450380322943,0.4800052589686735,0.8599136986648893,0.8554201574003553,0.6503270516270321,23,High
aggressive,Aggressive Policy Package,shenzhen,Shenzhen,,广东,南方,0.8227,0.0427,0.1071,1.42,True,0.6350326733682146,0.4683544792402263,0.6595558912632083,0.8709904204441759,0.8659981382753659,0.7236223514185136,10,High
aggressive,Aggressive Policy Package,shijiazhuang,Shijiazhuang,,河北,华北,0.6994,0.0884,0.0987,1.54,True,0.5156675925966947,0.9309252217997466,0.5465230907304077,0.8799203715277857,0.8753279174071253,0.7274639732400047,9,High
aggressive,Aggressive Policy Package,suzhou,Suzhou,,江苏,华东,0.7284,0.0703,0.118,1.78,True,0.43971310936754693,0.3513861790038332,0.13151381139186,0.8157720955941423,0.8085173902005585,0.5230628256727573,37,High
aggressive,Aggressive Policy Package,taiyuan,Taiyuan,,山西,华北,0.6404,0.0884,0.1025,1.76,True,0.5347679858585233,0.5976461313134679,0.39701203268276436,0.8526754105771028,0.8486290936785985,0.6489470180120964,24,High
aggressive,Aggressive Policy Package,tangshan,Tangshan,,河北,华北,0.6994,0.0884,0.1024,1.6,True,0.4818095951160514,0.4773986105704885,0.4716274579079456,0.8664389590641386,0.8618304138106117,0.6461460198383813,25,High
aggressive,Aggressive Policy Package,tianjin,Tianjin,,天津,华北,0.6784,0.0884,0.1008,1.63,True,0.5282848143045114,0.6158787029715871,0.3960170926634341,0.8675355994929239,0.8644537530676144,0.6561458994020539,20,High
aggressive,Aggressive Policy Package,urumqi,Urumqi,,新疆,西北,0.5667,0.0667,0.0958,1.86,True,0.41124966588250583,0.5296808597376136,0.2801817085353669,0.8594355280748407,0.8574722856901074,0.5909681338193491,33,High
aggressive,Aggressive Policy Package,wuhan,Wuhan,,湖北,华中,0.7106,0.0526,0.1096,1.69,True,0.4464346599090019,0.6034231638220661,0.6664179316618342,0.8424685441396811,0.8381357366505882,0.6856971701898019,15,High
aggressive,Aggressive Policy Package,wuxi,Wuxi,,江苏,华东,0.7284,0.0703,0.1073,1.61,True,0.5460693310413981,0.682521491950524,0.37287407714236986,0.8544616314227267,0.8494964881103494,0.6560874476692016,21,High
aggressive,Aggressive Policy Package,xiamen,Xiamen,,福建,华东,0.7883,0.0703,0.1004,1.39,True,0.6821142659678627,0.5884315514862811,0.7258965627868066,0.8887488458945365,0.8842557332656342,0.7705416778484995,2,High
aggressive,Aggressive Policy Package,xian,Xian,,陕西,西北,0.6647,0.0667,0.1028,1.7,True,0.47721397696546,0.32412877590485323,0.71359940872136,0.8570700443038121,0.8535795887281035,0.6784903797420754,16,High
aggressive,Aggressive Policy Package,xining,Xining,,青海,西北,0.5547,0.0667,0.0902,1.78,True,0.6784025048843916,0.690680333967995,0.5768317048804853,0.8789252078158597,0.8768934585766268,0.744216533905677,5,High
aggressive,Aggressive Policy Package,yinchuan,Yinchuan,,宁夏,西北,0.6067,0.0667,0.0901,1.63,True,0.6094288769074232,0.82442748401766,0.6235700275334422,0.8918427326142324,0.8900947787086401,0.7600112241458596,3,High
aggressive,Aggressive Policy Package,zhengzhou,Zhengzhou,,河南,华中,0.7126,0.0526,0.1038,1.6,True,0.4480538412805303,0.5859745062681978,0.41853877829487574,0.8632585865062103,0.8596936616738596,0.6377906356901579,27,High
aggressive,Aggressive Policy Package,hongkong,Hongkong,,香港特别行政区,香港,1.37,0.07,0.1014,0.8,True,0.712609040444092,0.060625286620287294,0.2590448169716461,0.9363925488414357,0.9316239316239316,0.6340076627908742,28,High
aggressive,Aggressive Policy Package,taipei,Taipei,,台湾,台湾,0.77,0.05,0.1185,1.69,True,0.32754957860584766,0.0,0.2985875912705181,0.8222504614499947,0.8167682152830668,0.49931779840349094,38,High
